<?xml version="1.0" encoding="UTF-8" standalone="yes"?>
<addon id="repository.walter.omc" name="Walter OMC XBMC Add-ons" version="0.1.0" provider-name="Walter OMC">
	<extension point="xbmc.addon.repository" name="Walter OMC XBMC Add-ons">
		<info compressed="false">https://raw.githubusercontent.com/walter-omc/kodi-repo/master/repository.water.omc/repository.xml</info>
		<checksum>https://raw.githubusercontent.com/walter-omc/kodi-repo/master/repository.water.omc/repository.xml.md5</checksum>
		<datadir zip="true">https://raw.githubusercontent.com/walter-omc/kodi-repo/master/repository.water.omc/releases</datadir>
	</extension>
	<extension point="xbmc.addon.metadata">
		<summary>Дополнения из репозитория Walter OMC</summary>
		<description>Дополнения для XBMC</description>
		<disclaimer>XBMC add-ons</disclaimer>
		<platform>all</platform>
	</extension>
</addon>
