<?xml version="1.0" encoding="utf-8" standalone="yes"?>
<addon id="plugin.video.filmix.omc" name="Filmix OMC" version="0.2.0" provider-name="Walter OMC">
	<requires>
		<import addon="script.module.requests" version="2.12.4"/>
	</requires>
	<extension point="xbmc.python.pluginsource" library="addon.py">
		<provides>video</provides>
	</extension>
	<extension point="xbmc.addon.metadata">
		<summary lang="en">Filmix plugin.</summary>
		<description lang="en">Simply play episodes from filmix.co.</description>
		<platform>all</platform>
		<language>en</language>
		<disclaimer></disclaimer>
	</extension>
</addon>